program,ground
sv-comp-branching/mono-crafted_7.c,Correct
sv-comp-branching/mono-crafted_9.c,Correct
sv-comp-branching/mono-crafted_3.c,Correct
sv-comp-branching/Mono3_1.c,Wrong
sv-comp-branching/gr2006.c,Correct
sv-comp-branching/Mono6_1.c,Wrong
sv-comp-branching/Mono4_1.c,Wrong
sv-comp-branching/Mono5_1.c,Wrong
sv-comp-branching/mono-crafted_11.c,Correct
sv-comp-branching/iftelse.c,Correct
sv-comp-branching/mono-crafted_12.c,Correct
sv-comp-branching/sum01_bug02_sum01_bug02_base_case.c,Wrong
sv-comp-branching/sum01-1.c,Wrong
sv-comp-branching/sum03-1.c,Wrong
sv-comp-branching/mono-crafted_1.c,Correct
sv-comp-branching/Mono1_1-2.c,Correct
sv-comp-branching/gj2007.c,Correct
sv-comp-branching/phases_1-1.c,Correct
sv-comp-branching/sum01_bug02.c,Wrong
sv-comp-branching/mono-crafted_13.c,Correct
sv-comp-branching/sum04-1.c,Wrong
sv-comp-branching/mono-crafted_6.c,Correct
sv-comp-branching/mono-crafted_8.c,Correct
sv-comp-branching/phases_1-2.c,Wrong
sv-comp-branching/mono-crafted_14.c,Correct
sv-comp-branching/Mono1_1-1.c,Wrong
sv-comp-branching/mono-crafted_10.c,Correct
branching_loops/simple_bl_unbound.c,Correct
branching_loops/bobble2.c,Correct
branching_loops/bobble_unbound.c,Correct
branching_loops/microbobble3.c,Correct
branching_loops/leapfrog.c,Correct
branching_loops/leapfrog_annotated_disjunction.c,Correct
branching_loops/leapsum2.c,Correct
branching_loops/inchworm2.c,Correct
branching_loops/bobble2_varloop.c,Correct
branching_loops/bobble5.c,Correct
branching_loops/microbobble.c,Wrong
branching_loops/leapfrog_asymmetric2.c,Correct
branching_loops/simple_bl2.c,Correct
branching_loops/leapdiff2.c,Correct
branching_loops/leapfrog_verbose.c,Correct
branching_loops/inchworm5.c,Correct
branching_loops/leapfrog_annotated.c,Correct
branching_loops/microbobble_asymmetric.c,Correct
branching_loops/leapthree.c,Correct
branching_loops/bobble4.c,Correct
branching_loops/bobble3_unbound.c,Correct
branching_loops/simple_bl3.c,Correct
branching_loops/leapfrog_asymmetric3.c,Correct
branching_loops/inchworm.c,Correct
branching_loops/bobble5_unbound.c,Correct
branching_loops/inchworm4.c,Correct
branching_loops/leapspin.c,Correct
branching_loops/bobble.c,Correct
branching_loops/inchworm6_unsafe.c,Wrong
branching_loops/simple_bl3_unbound.c,Correct
branching_loops/bobble2_unbound.c,Correct
branching_loops/bobble3.c,Correct
branching_loops/leapfrog_asymmetric.c,Correct
branching_loops/bobble4_unbound.c,Correct
branching_loops/microbobble2.c,Correct
branching_loops/simple_bl.c,Correct
branching_loops/inchworm3.c,Correct
branching_loops/simple_bl2_unbound.c,Correct
branching_loops/leapfrog_materialized.c,Correct
literature/3.c,Correct
literature/9.c,Correct
literature/7.c,Correct
literature/fsa.c,Correct
literature/4.c,Correct
literature/1.c,Correct
literature/5.c,Correct
literature/10.c,Correct
literature/8.c,Correct
literature/2.c,Correct
literature/fsa2.c,Correct
literature/6.c,Correct
function91/3.c,Correct
function91/0.c,Correct
function91/4.c,Correct
function91/1.c,Correct
function91/2.c,Correct
sv-comp-simple/simple_4-2.c,Correct
sv-comp-simple/multivar_1-1.c,Correct
sv-comp-simple/const_1-1.c,Correct
sv-comp-simple/down.c,Correct
sv-comp-simple/cggmp2005_variant.c,Correct
sv-comp-simple/overflow_1-1.c,Correct
sv-comp-simple/sum_natnum.c,Correct
sv-comp-simple/in-de52.c,Correct
sv-comp-simple/simple_2-2.c,Wrong
sv-comp-simple/underapprox_2-1.c,Wrong
sv-comp-simple/loopv2.c,Correct
sv-comp-simple/simple_vardep_2.c,Correct
sv-comp-simple/in-de42.c,Correct
sv-comp-simple/simple_3-2.c,Correct
sv-comp-simple/css2003.c,Correct
sv-comp-simple/simple_1-2.c,Correct
sv-comp-simple/underapprox_1-1.c,Correct
sv-comp-simple/multivar_1-2.c,Wrong
sv-comp-simple/gsv2008.c,Correct
sv-comp-simple/simple_4-1.c,Wrong
sv-comp-simple/const_1-2.c,Wrong
sv-comp-simple/in-de51.c,Correct
sv-comp-simple/in-de20.c,Correct
sv-comp-simple/in-de41.c,Correct
sv-comp-simple/simple_3-1.c,Wrong
sv-comp-simple/simple_vardep_1.c,Correct
sv-comp-simple/simple_2-1.c,Correct
sv-comp-simple/underapprox_2-2.c,Correct
sv-comp-simple/hhk2008.c,Correct
sv-comp-simple/vnew2.c,Correct
sv-comp-simple/simple_1-1.c,Wrong
sv-comp-simple/underapprox_1-2.c,Correct
sv-comp-simple/sum_by_3.c,Correct
sv-comp-simple/jm2006.c,Correct
sv-comp-simple/in-de31.c,Correct
sv-comp-simple/count_up_down-1.c,Wrong
sv-comp-simple/in-de61.c,Correct
sv-comp-simple/sum01-2.c,Correct
sv-comp-simple/sum03-2.c,Correct
sv-comp-simple/in-de32.c,Correct
sv-comp-simple/count_up_down-2.c,Wrong
sv-comp-simple/cggmp2005.c,Correct
sv-comp-simple/in-de62.c,Correct
sv-comp-simple/sum04-2.c,Correct
branching_loops_modified/microbobble2_safe.c,Correct
branching_loops_modified/leapfrog_annotated_safe.c,Correct
branching_loops_modified/inchworm4_unsafe.c,Correct
branching_loops_modified/simple_bl3_unbound_unsafe.c,Wrong
branching_loops_modified/leapthree_safe.c,Correct
branching_loops_modified/inchworm3_safe.c,Correct
branching_loops_modified/leapfrog_annotated_disjunction_safe.c,Correct
branching_loops_modified/bobble5_unbound_unsafe.c,Wrong
branching_loops_modified/leapfrog_asymmetric_safe.c,Correct
branching_loops_modified/leapdiff2_safe.c,Wrong
branching_loops_modified/leapfrog_safe.c,Correct
branching_loops_modified/leapfrog_asymmetric2_safe.c,Correct
branching_loops_modified/simple_bl2_unbound_unsafe.c,Wrong
branching_loops_modified/inchworm2_unsafe.c,Wrong
branching_loops_modified/microbobble_asymmetric_safe.c,Correct
branching_loops_modified/bobble4_unbound_unsafe.c,Wrong
branching_loops_modified/inchworm5_safe.c,Correct
branching_loops_modified/microbobble3_safe.c,Correct
branching_loops_modified/bobble3_unbound_unsafe.c,Wrong
branching_loops_modified/leapfrog_verbose_safe.c,Correct
branching_loops_modified/leapspin_safe.c,Correct
branching_loops_modified/inchworm_unsafe.c,Wrong
branching_loops_modified/leapsum2_unsafe.c,Wrong
branching_loops_modified/simple_bl_unbound_safe.c,Correct
branching_loops_modified/inchworm6_unsafe.c,Wrong
branching_loops_modified/bobble2_unbound_unsafe.c,Wrong
branching_loops_modified/leapfrog_asymmetric3_safe.c,Correct
branching_loops_modified/leapfrog_materialized_safe.c,Correct
branching_loops_modified/bobble_unbound_safe.c,Correct